seccion;escenario_id;escenario_descripcion;fecha_desde;fecha_hasta;variable;comuna_id;clase_incidente_id;modo_territorio;excluir_covid;horizonte_meses;holdout_meses;modelo;sin_modelo;n_meses_ajuste;r2;rmse;mape_pct;aic;bic;bondad_nivel;r2_holdout;rmse_holdout;mape_holdout_pct;bondad_holdout;holdout_activo;media_historica;desviacion_estandar;limite_inferior_3sigma;limite_superior_3sigma;pct_meses_dentro_3sigma;meses_fuera_3sigma;proyeccion_razonable;notas;fecha_revision
1_proyeccion_mensual;A;Ciudad completa - incidentes (largo);2018-01-01;2021-09-30;incidentes;;;registro;si;3;3;ols;no;39;0,0073;243,47;11,21;;;bajo;0;323,28;18,92;bajo;si;;;;;;;parcial;"hold-out MAPE 18.92% (~81.1% prec); R2 bajo in-sample";2026-06-19
1_proyeccion_mensual;A;Ciudad completa - incidentes (largo);2018-01-01;2021-09-30;incidentes;;;registro;si;3;3;estacional;no;39;0,514;170,36;8,38;;;moderado;0;372,7;22,44;bajo;si;;;;;;;parcial;hold-out MAPE 22.44% (~77.6% prec);2026-06-19
1_proyeccion_mensual;A;Ciudad completa - incidentes (largo);2018-01-01;2021-09-30;incidentes;;;registro;si;3;3;poisson;no;39;0,5243;168,55;8,3;;;moderado;0;374,52;22,54;bajo;si;;;;;;;parcial;hold-out MAPE 22.54% (~77.5% prec);2026-06-19
1_proyeccion_mensual;A;Ciudad completa - incidentes (largo);2018-01-01;2021-09-30;incidentes;;;registro;si;3;3;media_movil;no;39;0,6022;154,12;6,52;;;bueno;0;311,72;15,71;bajo;si;;;;;;;si;"hold-out MAPE 15.71% (~84.3% prec); buen in-sample";2026-06-19
1_proyeccion_mensual;A;Ciudad completa - incidentes (largo);2018-01-01;2021-09-30;incidentes;;;registro;si;3;3;tres_sigma;no;39;0;244,37;11,25;;;bueno;0;311,71;17,19;bajo;si;1753,359;247,56;1010,68;2496,04;100;0;si;"hold-out MAPE 17.19% (~82.8% prec); μ=1753.359 σ=247.56; 100.0% meses en μ±3σ";2026-06-19
1_proyeccion_mensual;A;Ciudad completa - incidentes (largo);2018-01-01;2021-09-30;incidentes;;;registro;si;3;3;arima;no;39;0;325,99;10,95;524,76;534,58;bajo;0;334,08;19,9;bajo;si;;;;;;;parcial;"hold-out MAPE 19.9% (~80.1% prec); R2 bajo in-sample";2026-06-19
1_proyeccion_mensual;A;Ciudad completa - incidentes (largo);2018-01-01;2021-09-30;incidentes;;;registro;si;3;3;sarima;no;39;0;381,65;13,14;384,48;394,54;bajo;0,1349;288,94;12,62;bajo;si;;;;;;;si;"hold-out MAPE 12.62% (~87.4% prec); R2 bajo in-sample";2026-06-19
1_proyeccion_mensual;G;Rango corto 6 meses - incidentes;2021-04-01;2021-09-30;incidentes;;;registro;si;3;3;ols;no;6;0,0038;310,52;17,37;;;bajo;0;1233,75;69,87;bajo;si;;;;;;;no;"hold-out MAPE 69.87% (~30.1% prec); R2 bajo in-sample";2026-06-19
1_proyeccion_mensual;G;Rango corto 6 meses - incidentes;2021-04-01;2021-09-30;incidentes;;;registro;si;3;3;estacional;no;6;0,0038;310,52;17,37;;;bajo;0;463,39;26,35;bajo;si;;;;;;;no;"hold-out MAPE 26.35% (~73.7% prec); R2 bajo in-sample";2026-06-19
1_proyeccion_mensual;G;Rango corto 6 meses - incidentes;2021-04-01;2021-09-30;incidentes;;;registro;si;3;3;poisson;no;6;0;311,11;17,08;;;bajo;0;311,72;15,71;bajo;si;;;;;;;parcial;"hold-out MAPE 15.71% (~84.3% prec); R2 bajo in-sample";2026-06-19
1_proyeccion_mensual;G;Rango corto 6 meses - incidentes;2021-04-01;2021-09-30;incidentes;;;registro;si;3;3;media_movil;no;6;0,3133;257,82;13,07;;;bajo;0;311,72;15,71;bajo;si;;;;;;;parcial;"hold-out MAPE 15.71% (~84.3% prec); R2 bajo in-sample";2026-06-19
1_proyeccion_mensual;G;Rango corto 6 meses - incidentes;2021-04-01;2021-09-30;incidentes;;;registro;si;3;3;tres_sigma;no;6;0;311,11;17,08;;;bueno;0;311,72;15,71;bajo;si;1716,8333;340,8063;694,41;2739,25;100;0;parcial;"hold-out MAPE 15.71% (~84.3% prec); μ=1716.8333 σ=340.8063; 100.0% meses en μ±3σ";2026-06-19
1_proyeccion_mensual;G;Rango corto 6 meses - incidentes;2021-04-01;2021-09-30;incidentes;;;registro;si;3;3;arima;si;6;;;;;;;;;;;no;;;;;;;no;"Proyección ilustrativa: no incorpora cambios normativos, shocks externos ni variables exógenas; no sustituye estudios de";2026-06-19
1_proyeccion_mensual;G;Rango corto 6 meses - incidentes;2021-04-01;2021-09-30;incidentes;;;registro;si;3;3;sarima;si;6;;;;;;;;;;;no;;;;;;;no;"Proyección ilustrativa: no incorpora cambios normativos, shocks externos ni variables exógenas; no sustituye estudios de";2026-06-19
1_proyeccion_mensual;H;Rango medio 12 meses - incidentes;2020-10-01;2021-09-30;incidentes;;;registro;si;3;3;ols;no;12;0,0572;236,42;12,02;;;bajo;0;362,19;21,68;bajo;si;;;;;;;parcial;"hold-out MAPE 21.68% (~78.3% prec); R2 bajo in-sample";2026-06-19
1_proyeccion_mensual;H;Rango medio 12 meses - incidentes;2020-10-01;2021-09-30;incidentes;;;registro;si;3;3;estacional;no;12;0,0572;236,42;12,02;;;bajo;0;317,73;18,37;bajo;si;;;;;;;parcial;"hold-out MAPE 18.37% (~81.6% prec); R2 bajo in-sample";2026-06-19
1_proyeccion_mensual;H;Rango medio 12 meses - incidentes;2020-10-01;2021-09-30;incidentes;;;registro;si;3;3;poisson;no;12;0;243,49;12,25;;;bajo;0;319,04;14,36;bajo;si;;;;;;;si;"hold-out MAPE 14.36% (~85.6% prec); R2 bajo in-sample";2026-06-19
1_proyeccion_mensual;H;Rango medio 12 meses - incidentes;2020-10-01;2021-09-30;incidentes;;;registro;si;3;3;media_movil;no;12;0,2347;213,01;10,99;;;bajo;0;311,72;15,71;bajo;si;;;;;;;si;"hold-out MAPE 15.71% (~84.3% prec); R2 bajo in-sample";2026-06-19
1_proyeccion_mensual;H;Rango medio 12 meses - incidentes;2020-10-01;2021-09-30;incidentes;;;registro;si;3;3;tres_sigma;no;12;0;243,49;12,25;;;bueno;0;319,04;14,36;bajo;si;1675,1667;254,3151;912,22;2438,11;100;0;si;"hold-out MAPE 14.36% (~85.6% prec); μ=1675.1667 σ=254.3151; 100.0% meses en μ±3σ";2026-06-19
1_proyeccion_mensual;H;Rango medio 12 meses - incidentes;2020-10-01;2021-09-30;incidentes;;;registro;si;3;3;arima;no;12;0;512,94;20,23;165,85;168,24;bajo;;;;;no;;;;;;;no;"R2 bajo in-sample; Se requieren al menos 15 meses de ajuste para reservar 3 meses de prueba (mínimo del modelo: 12).";2026-06-19
1_proyeccion_mensual;H;Rango medio 12 meses - incidentes;2020-10-01;2021-09-30;incidentes;;;registro;si;3;3;sarima;si;12;;;;;;;;;;;no;;;;;;;no;"Proyección ilustrativa: no incorpora cambios normativos, shocks externos ni variables exógenas; no sustituye estudios de";2026-06-19
1_proyeccion_mensual;I;Rango 18 meses post-COVID parcial - incidentes;2020-04-01;2021-09-30;incidentes;;;registro;si;3;3;ols;no;13;0,0886;227,64;11,29;;;bajo;0;359,68;21,5;bajo;si;;;;;;;parcial;"hold-out MAPE 21.5% (~78.5% prec); R2 bajo in-sample";2026-06-19
1_proyeccion_mensual;I;Rango 18 meses post-COVID parcial - incidentes;2020-04-01;2021-09-30;incidentes;;;registro;si;3;3;estacional;no;13;1;0;0;;;bueno;0;317,16;18,29;bajo;si;;;;;;;parcial;"hold-out MAPE 18.29% (~81.7% prec); buen in-sample";2026-06-19
1_proyeccion_mensual;I;Rango 18 meses post-COVID parcial - incidentes;2020-04-01;2021-09-30;incidentes;;;registro;si;3;3;poisson;no;13;1;0;0;;;bueno;0;322,93;13,91;bajo;si;;;;;;;parcial;"hold-out MAPE 13.91% (~86.1% prec); buen in-sample";2026-06-19
1_proyeccion_mensual;I;Rango 18 meses post-COVID parcial - incidentes;2020-04-01;2021-09-30;incidentes;;;registro;si;3;3;media_movil;no;13;0,2617;204,88;10,32;;;bajo;0;311,72;15,71;bajo;si;;;;;;;si;"hold-out MAPE 15.71% (~84.3% prec); R2 bajo in-sample";2026-06-19
1_proyeccion_mensual;I;Rango 18 meses post-COVID parcial - incidentes;2020-04-01;2021-09-30;incidentes;;;registro;si;3;3;tres_sigma;no;13;0;238,44;12,04;;;bueno;0;322,93;13,91;bajo;si;1661,8462;248,1797;917,31;2406,39;100;0;si;"hold-out MAPE 13.91% (~86.1% prec); μ=1661.8462 σ=248.1797; 100.0% meses en μ±3σ";2026-06-19
1_proyeccion_mensual;I;Rango 18 meses post-COVID parcial - incidentes;2020-04-01;2021-09-30;incidentes;;;registro;si;3;3;arima;no;13;0;479,74;19,97;179,44;182,35;bajo;;;;;no;;;;;;;no;"R2 bajo in-sample; Se requieren al menos 15 meses de ajuste para reservar 3 meses de prueba (mínimo del modelo: 12).";2026-06-19
1_proyeccion_mensual;I;Rango 18 meses post-COVID parcial - incidentes;2020-04-01;2021-09-30;incidentes;;;registro;si;3;3;sarima;si;13;;;;;;;;;;;no;;;;;;;no;"Proyección ilustrativa: no incorpora cambios normativos, shocks externos ni variables exógenas; no sustituye estudios de";2026-06-19
1_proyeccion_mensual;B;Ciudad completa - victimas;2018-01-01;2021-09-30;victimas;;;registro;si;3;3;ols;no;39;0,0075;353,13;11,22;;;bajo;0;466,73;18,13;bajo;si;;;;;;;parcial;"hold-out MAPE 18.13% (~81.9% prec); R2 bajo in-sample";2026-06-19
1_proyeccion_mensual;B;Ciudad completa - victimas;2018-01-01;2021-09-30;victimas;;;registro;si;3;3;estacional;no;39;0,5575;235,78;7,94;;;bueno;0;495,21;20,34;bajo;si;;;;;;;parcial;"hold-out MAPE 20.34% (~79.7% prec); buen in-sample";2026-06-19
1_proyeccion_mensual;B;Ciudad completa - victimas;2018-01-01;2021-09-30;victimas;;;registro;si;3;3;poisson;no;39;0,5655;233,66;7,85;;;bueno;0;495,32;20,34;bajo;si;;;;;;;parcial;"hold-out MAPE 20.34% (~79.7% prec); buen in-sample";2026-06-19
1_proyeccion_mensual;B;Ciudad completa - victimas;2018-01-01;2021-09-30;victimas;;;registro;si;3;3;media_movil;no;39;0,6005;224,03;6,44;;;bueno;0;467,09;14,67;bajo;si;;;;;;;si;"hold-out MAPE 14.67% (~85.3% prec); buen in-sample";2026-06-19
1_proyeccion_mensual;B;Ciudad completa - victimas;2018-01-01;2021-09-30;victimas;;;registro;si;3;3;tres_sigma;no;39;0;354,46;11,32;;;bueno;0;457,55;16,58;bajo;si;2540,0256;359,0968;1462,74;3617,32;100;0;si;"hold-out MAPE 16.58% (~83.4% prec); μ=2540.0256 σ=359.0968; 100.0% meses en μ±3σ";2026-06-19
1_proyeccion_mensual;B;Ciudad completa - victimas;2018-01-01;2021-09-30;victimas;;;registro;si;3;3;arima;no;39;0;473,21;11,09;553,66;563,49;bajo;0;562,67;23,11;bajo;si;;;;;;;parcial;"hold-out MAPE 23.11% (~76.9% prec); R2 bajo in-sample";2026-06-19
1_proyeccion_mensual;B;Ciudad completa - victimas;2018-01-01;2021-09-30;victimas;;;registro;si;3;3;sarima;no;39;0;567,33;14,75;405,36;415,42;bajo;0;524,14;19,31;bajo;si;;;;;;;parcial;"hold-out MAPE 19.31% (~80.7% prec); R2 bajo in-sample";2026-06-19
1_proyeccion_mensual;C;Ciudad completa - victimas fatales;2018-01-01;2021-09-30;victimas_fatales;;;registro;si;3;3;ols;no;39;0,0099;3,62;20,9;;;bajo;0;5,01;32,93;bajo;si;;;;;;;no;"hold-out MAPE 32.93% (~67.1% prec); R2 bajo in-sample";2026-06-19
1_proyeccion_mensual;C;Ciudad completa - victimas fatales;2018-01-01;2021-09-30;victimas_fatales;;;registro;si;3;3;estacional;no;39;0,4387;2,73;13,4;;;moderado;0,5712;3,21;19,67;bueno;si;;;;;;;si;hold-out MAPE 19.67% (~80.3% prec);2026-06-19
1_proyeccion_mensual;C;Ciudad completa - victimas fatales;2018-01-01;2021-09-30;victimas_fatales;;;registro;si;3;3;poisson;no;39;0,443;2,72;13,36;;;moderado;0,56;3,25;19,88;bueno;si;;;;;;;si;hold-out MAPE 19.88% (~80.1% prec);2026-06-19
1_proyeccion_mensual;C;Ciudad completa - victimas fatales;2018-01-01;2021-09-30;victimas_fatales;;;registro;si;3;3;media_movil;no;39;0,3143;3,02;16,43;;;bajo;0;4,94;29,27;bajo;si;;;;;;;no;"hold-out MAPE 29.27% (~70.7% prec); R2 bajo in-sample";2026-06-19
1_proyeccion_mensual;C;Ciudad completa - victimas fatales;2018-01-01;2021-09-30;victimas_fatales;;;registro;si;3;3;tres_sigma;no;39;0;3,64;20,93;;;bueno;0;4,9;29,52;bajo;si;16,1026;3,6906;5,03;27,17;100;0;no;"hold-out MAPE 29.52% (~70.5% prec); μ=16.1026 σ=3.6906; 100.0% meses en μ±3σ";2026-06-19
1_proyeccion_mensual;C;Ciudad completa - victimas fatales;2018-01-01;2021-09-30;victimas_fatales;;;registro;si;3;3;arima;no;39;0;4,3;21,81;219,13;228,96;bajo;0,285;4,14;25,63;bajo;si;;;;;;;no;"hold-out MAPE 25.63% (~74.4% prec); R2 bajo in-sample";2026-06-19
1_proyeccion_mensual;C;Ciudad completa - victimas fatales;2018-01-01;2021-09-30;victimas_fatales;;;registro;si;3;3;sarima;no;39;0;5,98;29,88;173,63;183,7;bajo;0,2138;4,34;30,36;bajo;si;;;;;;;no;"hold-out MAPE 30.36% (~69.6% prec); R2 bajo in-sample";2026-06-19
1_proyeccion_mensual;D;Comuna Castilla - incidentes;2018-01-01;2021-09-30;incidentes;27;;registro;si;3;3;ols;no;39;0,3851;21,25;9,54;;;moderado;0;15,01;9,15;bajo;si;;;;;;;si;"hold-out MAPE 9.15% (~90.8% prec); serie territorial Castilla";2026-06-19
1_proyeccion_mensual;D;Comuna Castilla - incidentes;2018-01-01;2021-09-30;incidentes;27;;registro;si;3;3;estacional;no;39;0,656;15,89;6,73;;;bueno;0;20,53;12,73;bajo;si;;;;;;;si;"hold-out MAPE 12.73% (~87.3% prec); buen in-sample; serie territorial Castilla";2026-06-19
1_proyeccion_mensual;D;Comuna Castilla - incidentes;2018-01-01;2021-09-30;incidentes;27;;registro;si;3;3;poisson;no;39;0,6432;16,19;6,94;;;bueno;0;19,51;12,11;bajo;si;;;;;;;si;"hold-out MAPE 12.11% (~87.9% prec); buen in-sample; serie territorial Castilla";2026-06-19
1_proyeccion_mensual;D;Comuna Castilla - incidentes;2018-01-01;2021-09-30;incidentes;27;;registro;si;3;3;media_movil;no;39;0,704;14,74;6,16;;;bueno;0;13,21;8,42;bajo;si;;;;;;;si;"hold-out MAPE 8.42% (~91.6% prec); buen in-sample; serie territorial Castilla";2026-06-19
1_proyeccion_mensual;D;Comuna Castilla - incidentes;2018-01-01;2021-09-30;incidentes;27;;registro;si;3;3;tres_sigma;no;39;0;27,1;12,34;;;bueno;0;38,92;24,69;bajo;si;188,4359;27,4531;106,08;270,8;100;0;parcial;"hold-out MAPE 24.69% (~75.3% prec); μ=188.4359 σ=27.4531; 100.0% meses en μ±3σ; serie territorial Castilla";2026-06-19
1_proyeccion_mensual;D;Comuna Castilla - incidentes;2018-01-01;2021-09-30;incidentes;27;;registro;si;3;3;arima;no;39;0;37,73;10,94;352,37;362,19;bajo;0;17,26;9,53;bajo;si;;;;;;;si;"hold-out MAPE 9.53% (~90.5% prec); R2 bajo in-sample; serie territorial Castilla";2026-06-19
1_proyeccion_mensual;D;Comuna Castilla - incidentes;2018-01-01;2021-09-30;incidentes;27;;registro;si;3;3;sarima;no;39;0;45,98;15,38;267,18;277,24;bajo;0;15,49;9,93;bajo;si;;;;;;;si;"hold-out MAPE 9.93% (~90.1% prec); R2 bajo in-sample; serie territorial Castilla";2026-06-19
1_proyeccion_mensual;E;Clase Atropello - incidentes;2018-01-01;2021-09-30;incidentes;;2;registro;si;3;3;ols;no;39;0,014;40,32;13,08;;;bajo;0;37,93;14,83;bajo;si;;;;;;;si;"hold-out MAPE 14.83% (~85.2% prec); R2 bajo in-sample; solo atropellos";2026-06-19
1_proyeccion_mensual;E;Clase Atropello - incidentes;2018-01-01;2021-09-30;incidentes;;2;registro;si;3;3;estacional;no;39;0,6008;25,66;8,5;;;bueno;0;38,22;12,14;bajo;si;;;;;;;si;"hold-out MAPE 12.14% (~87.9% prec); buen in-sample; solo atropellos";2026-06-19
1_proyeccion_mensual;E;Clase Atropello - incidentes;2018-01-01;2021-09-30;incidentes;;2;registro;si;3;3;poisson;no;39;0,5854;26,15;8,68;;;bueno;0;38,79;11,64;bajo;si;;;;;;;si;"hold-out MAPE 11.64% (~88.4% prec); buen in-sample; solo atropellos";2026-06-19
1_proyeccion_mensual;E;Clase Atropello - incidentes;2018-01-01;2021-09-30;incidentes;;2;registro;si;3;3;media_movil;no;39;0,4377;30,45;9,94;;;moderado;0;52,16;12,61;bajo;si;;;;;;;si;"hold-out MAPE 12.61% (~87.4% prec); solo atropellos";2026-06-19
1_proyeccion_mensual;E;Clase Atropello - incidentes;2018-01-01;2021-09-30;incidentes;;2;registro;si;3;3;tres_sigma;no;39;0;40,61;13,06;;;bueno;0;39,76;16,2;bajo;si;261,1795;41,139;137,76;384,6;100;0;si;"hold-out MAPE 16.2% (~83.8% prec); μ=261.1795 σ=41.139; 100.0% meses en μ±3σ; solo atropellos";2026-06-19
1_proyeccion_mensual;E;Clase Atropello - incidentes;2018-01-01;2021-09-30;incidentes;;2;registro;si;3;3;arima;no;39;0;52,24;14,11;393,98;403,8;bajo;0;73,38;21,87;bajo;si;;;;;;;parcial;"hold-out MAPE 21.87% (~78.1% prec); R2 bajo in-sample; solo atropellos";2026-06-19
1_proyeccion_mensual;E;Clase Atropello - incidentes;2018-01-01;2021-09-30;incidentes;;2;registro;si;3;3;sarima;no;39;0;63,66;18,01;296,59;306,66;bajo;0;85,27;18,75;bajo;si;;;;;;;parcial;"hold-out MAPE 18.75% (~81.2% prec); R2 bajo in-sample; solo atropellos";2026-06-19
1_proyeccion_mensual;F;Ciudad completa - incidentes sin excluir COVID;2018-01-01;2021-09-30;incidentes;;;registro;no;3;3;ols;no;45;0,0134;326,46;17,51;;;bajo;0;346,36;11,72;bajo;si;;;;;;;si;"hold-out MAPE 11.72% (~88.3% prec); R2 bajo in-sample; COVID incluido en ajuste";2026-06-19
1_proyeccion_mensual;F;Ciudad completa - incidentes sin excluir COVID;2018-01-01;2021-09-30;incidentes;;;registro;no;3;3;estacional;no;45;0,0134;326,46;17,51;;;bajo;0;345,27;12,11;bajo;si;;;;;;;si;"hold-out MAPE 12.11% (~87.9% prec); R2 bajo in-sample; COVID incluido en ajuste";2026-06-19
1_proyeccion_mensual;F;Ciudad completa - incidentes sin excluir COVID;2018-01-01;2021-09-30;incidentes;;;registro;no;3;3;poisson;no;45;0;328,67;17,74;;;bajo;0;317,47;14,57;bajo;si;;;;;;;si;"hold-out MAPE 14.57% (~85.4% prec); R2 bajo in-sample; COVID incluido en ajuste";2026-06-19
1_proyeccion_mensual;F;Ciudad completa - incidentes sin excluir COVID;2018-01-01;2021-09-30;incidentes;;;registro;no;3;3;media_movil;no;45;0,65;194,45;9,72;;;bueno;0;311,72;15,71;bajo;si;;;;;;;si;"hold-out MAPE 15.71% (~84.3% prec); buen in-sample; COVID incluido en ajuste";2026-06-19
1_proyeccion_mensual;F;Ciudad completa - incidentes sin excluir COVID;2018-01-01;2021-09-30;incidentes;;;registro;no;3;3;tres_sigma;no;45;0;328,67;17,74;;;bueno;0;317,47;14,57;bajo;si;1668,6222;332,3802;671,48;2665,76;97,78;1;si;"hold-out MAPE 14.57% (~85.4% prec); μ=1668.6222 σ=332.3802; 97.78% meses en μ±3σ; COVID incluido en ajuste";2026-06-19
1_proyeccion_mensual;F;Ciudad completa - incidentes sin excluir COVID;2018-01-01;2021-09-30;incidentes;;;registro;no;3;3;arima;no;45;0;339,09;14,57;621,48;632,19;bajo;0,0781;298,28;17,4;bajo;si;;;;;;;parcial;"hold-out MAPE 17.4% (~82.6% prec); R2 bajo in-sample; COVID incluido en ajuste";2026-06-19
1_proyeccion_mensual;F;Ciudad completa - incidentes sin excluir COVID;2018-01-01;2021-09-30;incidentes;;;registro;no;3;3;sarima;no;45;0;363,48;14,95;465,43;477,15;bajo;0;581,41;32,87;bajo;si;;;;;;;no;"hold-out MAPE 32.87% (~67.1% prec); R2 bajo in-sample; COVID incluido en ajuste";2026-06-19
